date,isa,spec_version,spec_date,spec_ref,isa_instruction_count,remill_ref,remill_date,remill_covered_count,coverage_pct,is_change_point
2019-12-01,a64,2019-12,2019-12-01,specs/a64/2019-12,2336,6ea2e7ee0112,2019-12-13,380,16.27,1
2020-03-01,a64,2020-03,2020-03-01,specs/a64/2020-03,2336,74a5683459cb,2020-03-24,380,16.27,0
2020-06-01,a64,2020-06,2020-06-01,specs/a64/2020-06,2336,a466b430eab3,2020-05-27,380,16.27,0
2020-09-01,a64,2020-09,2020-09-01,specs/a64/2020-09,2311,3b2f44f480e2,2020-09-22,380,16.44,1
2020-12-01,a64,2020-12,2020-12-01,specs/a64/2020-12,2343,37741957d6d4,2020-12-10,380,16.22,1
2021-03-01,a64,2021-03,2021-03-01,specs/a64/2021-03,2341,eec3dee7b42f,2021-03-22,380,16.23,1
2021-06-01,a64,2021-06,2021-06-01,specs/a64/2021-06,2341,08cac8e4b05b,2021-06-17,380,16.23,0
2021-09-01,a64,2021-09,2021-09-01,specs/a64/2021-09,2462,14a58af263a2,2021-09-27,380,15.43,1
2021-12-01,a64,2021-12,2021-12-01,specs/a64/2021-12,2462,28e48fec22bf,2021-12-17,380,15.43,0
2022-03-01,a64,2022-03,2022-03-01,specs/a64/2022-03,2811,d3acb05aacb1,2022-03-25,380,13.52,1
2022-06-01,a64,2022-06,2022-06-01,specs/a64/2022-06,2811,65549b31d36e,2022-06-28,380,13.52,0
2022-09-01,a64,2022-09,2022-09-01,specs/a64/2022-09,3609,166553c8e229,2022-09-28,380,10.53,1
2022-12-01,a64,2022-12,2022-12-01,specs/a64/2022-12,3613,ab03a02dbc83,2022-12-02,380,10.52,1
2023-03-01,a64,2023-03,2023-03-01,specs/a64/2023-03,3613,ca80510996ab,2023-03-15,380,10.52,0
2023-06-01,a64,2023-06,2023-06-01,specs/a64/2023-06,3613,396e228e934b,2023-05-10,380,10.52,0
2023-09-01,a64,2023-09,2023-09-01,specs/a64/2023-09,3759,7182636a687e,2023-09-26,380,10.11,1
2023-12-01,a64,2023-12,2023-12-01,specs/a64/2023-12,3762,17cff6b4df90,2023-11-10,380,10.1,1
2024-06-01,a64,2024-06,2024-06-01,specs/a64/2024-06,3762,1c9b5a0b26fb,2024-05-11,380,10.1,0
2024-09-01,a64,2024-09,2024-09-01,specs/a64/2024-09,4296,7f091d425606,2024-07-17,380,8.85,1
2024-12-01,a64,2024-12,2024-12-01,specs/a64/2024-12,4296,7f091d425606,2024-07-17,380,8.85,0
2025-06-01,a64,2025-06,2025-06-01,specs/a64/2025-06,4296,d13d43f81a6f,2025-05-24,380,8.85,0
2025-09-01,a64,2025-09,2025-09-01,specs/a64/2025-09,4331,b6fc70f0f48e,2025-09-06,380,8.77,1
2025-12-01,a64,2025-12,2025-12-01,specs/a64/2025-12,4331,3aae67d6a049,2025-12-15,380,8.77,0
2026-03-01,a64,2026-03,2026-03-01,specs/a64/2026-03,4331,2bdc97233913,2026-03-26,380,8.77,0
2026-06-01,a64,2026-06,2026-06-01,specs/a64/2026-06,4332,7055a0c54aff,2026-03-26,380,8.77,1
2019-01-10,x86-64,8.30.0-18-g47be2133,2019-01-09,afad088655ae,6092,8f7b62e72f80,2019-01-09,1628,26.72,1
2019-01-11,x86-64,8.30.0-18-g47be2133,2019-01-09,8a1c951645aa,6092,8f7b62e72f80,2019-01-09,1628,26.72,0
2019-01-29,x86-64,8.30.0-18-g47be2133,2019-01-09,cb791578ffee,6092,e41c0a5a2716,2019-01-21,1628,26.72,0
2019-01-30,x86-64,8.30.0-18-g47be2133,2019-01-17,515c469ada47,6092,e41c0a5a2716,2019-01-21,1628,26.72,0
2019-02-04,x86-64,8.30.0-18-g47be2133,2019-01-17,f49f455c8ea4,6092,e41c0a5a2716,2019-01-21,1628,26.72,0
2019-03-01,x86-64,8.30.0-18-g47be2133,2019-01-17,4132251cb58b,6092,9136eb565e4c,2019-02-14,1628,26.72,0
2019-03-11,x86-64,8.30.0-18-g47be2133,2019-01-17,bd6e8ef15316,6093,12dc96a59c5c,2019-03-06,1631,26.77,1
2019-03-14,x86-64,8.30.0-18-g47be2133,2019-01-17,c2ef0334a95a,6094,20bfadd947c7,2019-03-12,1632,26.78,1
2019-10-29,x86-64,8.30.0-18-g47be2133,2019-10-29,1bea5d97a0a2,6094,a7fbd73ac002,2019-10-28,1635,26.83,0
2019-11-01,x86-64,8.30.0-18-g47be2133,2019-10-29,23be460c3e66,6094,d9e6b6326423,2019-10-30,1635,26.83,0
2020-03-13,x86-64,11.0.1,2019-10-29,78952d178088,6135,45d0fb2d82aa,2020-02-29,1635,26.65,1
2020-03-13,x86-64,11.0.1,2019-10-29,a926c8879e24,6135,45d0fb2d82aa,2020-02-29,1635,26.65,0
2020-03-13,x86-64,11.0.1,2019-10-29,dfedf9f33a74,6135,45d0fb2d82aa,2020-02-29,1635,26.65,0
2020-04-14,x86-64,11.0.1,2019-10-29,a75418ef5c2c,6135,cb3f49bf3e52,2020-04-10,1635,26.65,0
2020-04-17,x86-64,11.0.1,2020-04-14,24021c308752,6143,cb3f49bf3e52,2020-04-10,1635,26.62,1
2020-12-04,x86-64,12.0.1,2020-11-03,1cbef1740886,6193,bf69d9ca94ca,2020-11-18,1683,27.18,1
2021-01-11,x86-64,12.0.1,2020-11-03,15f1949231a8,6194,37741957d6d4,2020-12-10,1684,27.19,1
2021-01-12,x86-64,12.0.1,2021-01-11,a7b24049fd0a,6194,37741957d6d4,2020-12-10,1684,27.19,0
2021-01-20,x86-64,12.0.1,2021-01-05,47278c8e658f,6194,f1514baedbc8,2021-01-14,1682,27.16,0
2021-01-23,x86-64,12.0.1,2021-01-05,84f584f3296e,6194,ab27539b866b,2021-01-21,1682,27.16,0
2021-03-10,x86-64,12.0.1,2021-01-05,79bc54f40b34,6194,c37180ae93e0,2021-03-08,1682,27.16,0
2021-11-16,x86-64,13.0.0,2021-07-13,7cba22857e7e,6661,769c28072093,2021-11-02,1682,25.25,1
2021-11-16,x86-64,13.0.0,2021-07-13,4d91ea48be5b,6661,769c28072093,2021-11-02,1682,25.25,0
2021-11-22,x86-64,13.0.0,2021-07-13,d63d7d2f9d70,6661,dd14a17cdce7,2021-11-19,1682,25.25,0
2021-12-13,x86-64,13.0.0,2021-07-13,816ea7d7c4df,6661,93aba7cc566f,2021-12-09,1691,25.39,0
2021-12-18,x86-64,13.0.0,2021-07-13,68054e95e147,6661,28e48fec22bf,2021-12-17,1691,25.39,0
2022-02-19,x86-64,13.0.0,2021-07-13,c6003a42b1d0,6661,1aa13386d65e,2022-02-16,1691,25.39,0
2022-02-19,x86-64,13.0.0,2021-07-13,35af84a46c69,6661,1aa13386d65e,2022-02-16,1691,25.39,0
2022-11-14,x86-64,v2022.10.11,2022-10-12,05f620160337,6755,d5c50357287c,2022-10-30,1704,25.23,1
2022-11-18,x86-64,v2022.10.11,2022-10-12,35283e45b233,6755,829ee4acf587,2022-11-17,1704,25.23,0
2025-03-24,x86-64,v2024.11.04,2024-11-05,fe0014209c73,6825,7f091d425606,2024-07-17,1704,24.97,1
2025-03-30,x86-64,v2025.03.02,2025-03-04,6fab37fe4168,6903,7f091d425606,2024-07-17,1702,24.66,1
2025-03-30,x86-64,v2025.03.02,2025-03-04,78ec04149909,6905,7f091d425606,2024-07-17,1702,24.65,1
2025-03-30,x86-64,v2025.03.02,2025-03-04,74f00528f070,7538,7f091d425606,2024-07-17,1702,22.58,1
2025-04-25,x86-64,v2025.03.02,2025-03-04,fb2b469ccaf6,7538,7f091d425606,2024-07-17,1702,22.58,0
2025-05-04,x86-64,v2025.03.02,2025-03-04,8904028792ba,7538,7f091d425606,2024-07-17,1702,22.58,0
2025-05-14,x86-64,v2025.03.02,2025-03-04,a382446f70b5,8612,aa886a224405,2025-05-14,1702,19.76,1
2025-06-12,x86-64,v2025.06.08,2025-06-11,eba916c28be3,8465,d13d43f81a6f,2025-05-24,1702,20.11,1
2026-01-17,x86-64,v2025.06.08,2025-06-11,427d869f847f,8465,f55bf66f9b36,2026-01-04,1884,22.26,0
2026-02-15,x86-64,v2025.06.08,2025-06-11,c49a19675193,8465,504ba5617036,2026-02-13,1885,22.27,0
2026-02-15,x86-64,v2025.06.08,2025-06-11,56fe1b1c228c,8465,504ba5617036,2026-02-13,1885,22.27,0
